date,year,model,pearson_ic,spearman_rank_ic,n
2016-01-29,2016,ridge,-0.030495712574817962,-0.02264481128581578,3240
2016-01-29,2016,elastic_net,-0.034903268983779184,-0.02294838176303587,3240
2016-01-29,2016,lgbm,-0.023228830161888762,0.00516411472962717,3240
2016-01-29,2016,ranker,0.015258517214223482,0.023217424614605874,3240
2016-02-29,2016,ridge,-0.013114965784213976,-0.032578314744520914,3150
2016-02-29,2016,elastic_net,-0.020262357868612874,-0.042264278375863176,3150
2016-02-29,2016,lgbm,-0.010491298090636375,-0.0033821252904990312,3150
2016-02-29,2016,ranker,-0.004790946753358744,-0.004527081546502026,3150
2016-03-31,2016,ridge,-0.027401662137724887,-0.0029935634223609213,3182
2016-03-31,2016,elastic_net,-0.03781632334738297,-0.016816498085298972,3182
2016-03-31,2016,lgbm,-0.048381819297322645,-0.024910475870686538,3182
2016-03-31,2016,ranker,0.01799112192570003,0.017419729647040832,3182
2016-04-29,2016,ridge,-0.007335457083664524,-0.006899474586646181,3174
2016-04-29,2016,elastic_net,-0.0016001245154608863,-0.0014682801751908163,3174
2016-04-29,2016,lgbm,-0.001529147117899879,0.03815316381946757,3174
2016-04-29,2016,ranker,0.002310835429093096,-0.0004822162020705098,3174
2016-05-31,2016,ridge,-0.016547183018592915,-0.03163570015944163,3210
2016-05-31,2016,elastic_net,-0.01306047717714166,-0.021009157449548985,3210
2016-05-31,2016,lgbm,0.0003472453224005373,-0.06009317023270792,3210
2016-05-31,2016,ranker,-0.013907607277549399,-0.07460003198229916,3210
2016-06-30,2016,ridge,-0.03559904384823611,-0.047940924853422204,3324
2016-06-30,2016,elastic_net,-0.038455894171802354,-0.04786866305726915,3324
2016-06-30,2016,lgbm,-0.043542767461424534,0.004911445839256856,3324
2016-06-30,2016,ranker,0.006521715091329137,0.026860175490301185,3324
2016-07-29,2016,ridge,-0.0851619419385332,-0.08325779946497558,3239
2016-07-29,2016,elastic_net,-0.0857064859304094,-0.08162266911655801,3239
2016-07-29,2016,lgbm,-0.03969785817663333,-0.0809682373401568,3239
2016-07-29,2016,ranker,0.0011322286021796558,-0.013503080654498777,3239
2016-08-31,2016,ridge,-0.010052380886919227,-0.03075417773875587,3216
2016-08-31,2016,elastic_net,-0.012164248357879057,-0.02945121768630784,3216
2016-08-31,2016,lgbm,0.011004939160728023,0.01327053728166596,3216
2016-08-31,2016,ranker,0.08390490602852582,0.03718852436300353,3216
2016-09-30,2016,ridge,-0.014852215814201547,-0.01744489896436985,3263
2016-09-30,2016,elastic_net,-0.016433469411862675,-0.010043930931215115,3263
2016-09-30,2016,lgbm,-0.0047103274648809,-0.01185094752048256,3263
2016-09-30,2016,ranker,-0.07354838920067626,-0.08652491330182577,3263
2016-10-31,2016,ridge,0.0027341579310285282,-0.014273180841859376,3157
2016-10-31,2016,elastic_net,-0.0003582851719387166,-0.023019599012103827,3157
2016-10-31,2016,lgbm,0.03503278076223639,0.03661317790892465,3157
2016-10-31,2016,ranker,0.06813494969698732,0.08021236520690993,3157
2016-11-30,2016,ridge,-0.04787600974920724,-0.018661997422420556,3349
2016-11-30,2016,elastic_net,-0.04885407236652004,-0.015631030469674796,3349
2016-11-30,2016,lgbm,-0.05740433709509119,-0.07117242418186072,3349
2016-11-30,2016,ranker,-0.05508183732045039,-0.05094708418154785,3349
2016-12-30,2016,ridge,0.0017067507608679346,-0.010639610798077875,3428
2016-12-30,2016,elastic_net,0.0034266906224601056,-0.008389500666100301,3428
2016-12-30,2016,lgbm,-0.05545222652814412,0.0027890959545301707,3428
2016-12-30,2016,ranker,-0.0019322506495781518,-0.0189808766686666,3428
2017-01-31,2017,ridge,-0.01384093296868823,0.008729926737060254,3347
2017-01-31,2017,elastic_net,-0.011729285638393778,0.0009853773880697024,3347
2017-01-31,2017,lgbm,0.020541771763310287,0.006964101282730751,3347
2017-01-31,2017,ranker,-0.01041147096851721,-0.026978255071195955,3347
2017-02-28,2017,ridge,-0.08243614724385093,-0.0089150399048714,3343
2017-02-28,2017,elastic_net,-0.0685863150033936,-0.009433756898477828,3343
2017-02-28,2017,lgbm,0.026649481394644927,0.008468861728135055,3343
2017-02-28,2017,ranker,-0.02100690205122022,-0.06181834570533823,3343
2017-03-31,2017,ridge,-0.022179750267872438,0.02763489408471143,3343
2017-03-31,2017,elastic_net,-0.024367018175757073,0.024575018838300523,3343
2017-03-31,2017,lgbm,0.001547964699801593,-0.014237546383725302,3343
2017-03-31,2017,ranker,-0.015206154836863956,-0.00027162679140301877,3343
2017-04-28,2017,ridge,-0.005983741221691161,-0.0542121150190976,3294
2017-04-28,2017,elastic_net,-0.04513677993260987,-0.06291289282341973,3294
2017-04-28,2017,lgbm,-0.004410003336000614,-0.04359051074031199,3294
2017-04-28,2017,ranker,-0.033608085545757546,-0.06578655447551413,3294
2017-05-31,2017,ridge,-0.010182630256722922,-0.014368146703461508,3272
2017-05-31,2017,elastic_net,-0.003948012611079321,-0.010751696873341912,3272
2017-05-31,2017,lgbm,-0.022422452899747276,0.004838216323870184,3272
2017-05-31,2017,ranker,0.019557548178358756,0.00796461656201689,3272
2017-06-30,2017,ridge,0.011978087168745967,0.026850211543947147,3390
2017-06-30,2017,elastic_net,0.01370215999445776,0.030995437946534296,3390
2017-06-30,2017,lgbm,0.0010148628280133606,-0.026026153177867325,3390
2017-06-30,2017,ranker,0.0028949391998633845,-0.007940831602617415,3390
2017-07-31,2017,ridge,0.03362077736099192,-0.014902892185960349,3265
2017-07-31,2017,elastic_net,0.04315613838721892,-0.005642719185442242,3265
2017-07-31,2017,lgbm,0.05634542388366171,-0.0036609847237287713,3265
2017-07-31,2017,ranker,0.004385472892924664,-0.003982792760155288,3265
2017-08-31,2017,ridge,0.015023309067577015,0.01644446191248851,3260
2017-08-31,2017,elastic_net,0.012766367490476108,0.00985495252851983,3260
2017-08-31,2017,lgbm,0.0054055060842365605,0.02881399285165125,3260
2017-08-31,2017,ranker,0.09325005502559432,0.08241242202468933,3260
2017-09-29,2017,ridge,0.06766469604132469,0.06833430667698129,3326
2017-09-29,2017,elastic_net,0.05598432445066608,0.07018855491112548,3326
2017-09-29,2017,lgbm,-0.017146097796681102,0.019382402527362223,3326
2017-09-29,2017,ranker,-0.05397711014523688,-0.04321641158921831,3326
2017-10-31,2017,ridge,-0.012692992313611737,0.004945540171202237,3281
2017-10-31,2017,elastic_net,-0.011096472226743292,0.00570235948679868,3281
2017-10-31,2017,lgbm,0.016736349791034652,0.024719368436483837,3281
2017-10-31,2017,ranker,0.039794097915384505,0.04256037121780234,3281
2017-11-30,2017,ridge,-0.03562608440852974,-0.0019119318650340574,3349
2017-11-30,2017,elastic_net,-0.03490304134318221,-0.0006474967397224169,3349
2017-11-30,2017,lgbm,0.004225306527496648,0.040364614643701544,3349
2017-11-30,2017,ranker,0.06513566988914796,0.02960177201396704,3349
2017-12-29,2017,ridge,-0.002793618497450779,0.01682576654440468,3453
2017-12-29,2017,elastic_net,-0.01560616873283518,0.005122331419761679,3453
2017-12-29,2017,lgbm,-0.016579234206440658,0.01985189757243943,3453
2017-12-29,2017,ranker,0.01931978023943019,0.01867609135322537,3453
2018-01-31,2018,ridge,-0.009671254862574313,-0.04011353038966671,3443
2018-01-31,2018,elastic_net,-0.005900277531936612,-0.03380177160093753,3443
2018-01-31,2018,lgbm,0.00010040169057562039,0.01428187438280632,3443
2018-01-31,2018,ranker,0.05783812249394453,0.049328392981174495,3443
2018-02-28,2018,ridge,-0.025847955740594137,0.014796976539903955,3424
2018-02-28,2018,elastic_net,-0.029848562527531486,0.0034080873569758024,3424
2018-02-28,2018,lgbm,-0.006028479203715846,-0.009670695563371395,3424
2018-02-28,2018,ranker,-0.031144587592071712,-0.02033122861181491,3424
2018-03-29,2018,ridge,0.02810121172514492,0.021480719215572385,3374
2018-03-29,2018,elastic_net,0.027787350634095362,0.02603842944517048,3374
2018-03-29,2018,lgbm,-0.02263513737821293,-0.0007005500846637494,3374
2018-03-29,2018,ranker,-0.018363896496643807,-0.0005985048486952343,3374
2018-04-30,2018,ridge,0.04515958695333707,0.04240148748597443,3328
2018-04-30,2018,elastic_net,0.04244167298938331,0.03034757438049251,3328
2018-04-30,2018,lgbm,0.056786567220528494,0.08301041118346028,3328
2018-04-30,2018,ranker,0.06235775177809605,0.06222314460450878,3328
2018-05-31,2018,ridge,0.03512254591038032,0.02307093637304408,3355
2018-05-31,2018,elastic_net,0.03585266843932186,0.014768564741371578,3355
2018-05-31,2018,lgbm,-0.007669926262814937,0.02373918847238346,3355
2018-05-31,2018,ranker,-0.010579790356610722,-0.02218304485203225,3355
2018-06-29,2018,ridge,-0.006837188924566436,-0.023181694798812758,3484
2018-06-29,2018,elastic_net,-0.011948848189715129,-0.012581827698203265,3484
2018-06-29,2018,lgbm,0.011775325140732063,-0.011433986554475212,3484
2018-06-29,2018,ranker,-0.05051487636425272,-0.08174831990455877,3484
2018-07-31,2018,ridge,0.007499907763768735,0.008178617686101428,3343
2018-07-31,2018,elastic_net,0.006127441097995567,0.010706035348255389,3343
2018-07-31,2018,lgbm,0.037247718168835,0.07354949701823187,3343
2018-07-31,2018,ranker,0.05629251162057038,0.032635435008588516,3343
2018-08-31,2018,ridge,-0.04001050583967787,-0.03512119058148554,3335
2018-08-31,2018,elastic_net,-0.041315138904284676,-0.03414999077465593,3335
2018-08-31,2018,lgbm,-0.03396103342353721,-0.053116929412541765,3335
2018-08-31,2018,ranker,-0.08002037131815026,-0.11726672484622547,3335
2018-09-28,2018,ridge,0.006679219523428779,0.007329731827620581,3384
2018-09-28,2018,elastic_net,0.004649519467824768,0.003770160920553908,3384
2018-09-28,2018,lgbm,0.007311207762485095,-0.033842543591819894,3384
2018-09-28,2018,ranker,-0.11586280111991334,-0.11263089823136434,3384
2018-10-31,2018,ridge,0.0457781433653103,0.009477234661756389,3360
2018-10-31,2018,elastic_net,0.041669426560704326,0.0016625553164082952,3360
2018-10-31,2018,lgbm,0.0014258765467719252,-0.020373055694181078,3360
2018-10-31,2018,ranker,-0.0518927093392465,-0.05354285471246891,3360
2018-11-30,2018,ridge,0.00281544546093995,-0.007602736162989002,3272
2018-11-30,2018,elastic_net,0.009344187377463837,-0.006419266622975081,3272
2018-11-30,2018,lgbm,-0.018522714768043562,-0.03521505300157759,3272
2018-11-30,2018,ranker,-0.028274874557733944,-0.053734556551307044,3272
2018-12-31,2018,ridge,-0.02021820212950511,0.0020022416521076583,3339
2018-12-31,2018,elastic_net,-0.029526831449192027,-0.003943153184291546,3339
2018-12-31,2018,lgbm,0.012545911465550697,0.03615417402773905,3339
2018-12-31,2018,ranker,0.034798453505116726,0.0017654312765116409,3339
2019-01-31,2019,ridge,0.0035492191430770456,0.008228732256675288,3258
2019-01-31,2019,elastic_net,-0.021101229853676302,0.007033460666457332,3258
2019-01-31,2019,lgbm,0.00203046776844847,-0.025343483776763938,3258
2019-01-31,2019,ranker,-0.01055060180833473,0.02725125307266026,3258
2019-02-28,2019,ridge,-0.023338966418333364,0.020946643160530704,3255
2019-02-28,2019,elastic_net,-0.030298273678117042,-0.03281470678205029,3255
2019-02-28,2019,lgbm,-0.008517969548370653,0.01656454765520828,3255
2019-02-28,2019,ranker,-0.044952323538441565,-0.0946132505370445,3255
2019-03-29,2019,ridge,0.03126928871363796,0.01312525420306956,3303
2019-03-29,2019,elastic_net,0.016265405910562,0.0023834001528191704,3303
2019-03-29,2019,lgbm,0.019799850292250912,0.006393689831560745,3303
2019-03-29,2019,ranker,-0.04538203577636363,-0.045377056314650346,3303
2019-04-30,2019,ridge,-0.020093928499803265,-0.04872015600120243,3257
2019-04-30,2019,elastic_net,-0.0072810069779634355,0.0011377361238391708,3257
2019-04-30,2019,lgbm,0.00020848491437477635,0.023826722768454163,3257
2019-04-30,2019,ranker,-0.02188001413528738,-0.009764584241310784,3257
2019-05-31,2019,ridge,-0.017765686334770693,0.013542342257727134,3210
2019-05-31,2019,elastic_net,-0.027565163901605173,-0.02249170600859912,3210
2019-05-31,2019,lgbm,0.06789240656731704,0.026061594659915168,3210
2019-05-31,2019,ranker,0.0024727769779512927,0.02146079621857357,3210
2019-06-28,2019,ridge,0.01671629152691009,-0.003162901762231443,3341
2019-06-28,2019,elastic_net,0.01960017903534684,0.009905480563443828,3341
2019-06-28,2019,lgbm,-0.0008384962226631995,-0.005217135403562476,3341
2019-06-28,2019,ranker,-0.07816121767307832,-0.04370791782706052,3341
2019-07-31,2019,ridge,-0.00625295895980322,-0.01036075170972395,3233
2019-07-31,2019,elastic_net,-0.00466656211482254,-0.04521519287673566,3233
2019-07-31,2019,lgbm,0.024616070813547854,0.019225053876403254,3233
2019-07-31,2019,ranker,0.010949683959307724,-0.03194128106829609,3233
2019-08-30,2019,ridge,0.028679714975945916,0.002094861308927851,3182
2019-08-30,2019,elastic_net,0.03346948263345142,0.012188139718309276,3182
2019-08-30,2019,lgbm,0.030496977159377037,-0.07666107725100936,3182
2019-08-30,2019,ranker,-0.04881247344896742,-0.02647619604862491,3182
2019-09-30,2019,ridge,0.06258518653845725,0.0355477489396655,3231
2019-09-30,2019,elastic_net,0.06343507840417817,0.09295843845676899,3231
2019-09-30,2019,lgbm,-0.01299743773601206,-0.024894087466750783,3231
2019-09-30,2019,ranker,0.04695615502872061,0.0506118886213809,3231
2019-10-31,2019,ridge,-0.02775127254435614,-0.006956703931912651,3159
2019-10-31,2019,elastic_net,-0.024335943931833894,-0.0014579811289505984,3159
2019-10-31,2019,lgbm,-0.0330375897176303,0.018035952271829973,3159
2019-10-31,2019,ranker,0.06416481924546667,0.007047218239261603,3159
2019-11-29,2019,ridge,0.004970789841053199,0.024303068901424026,3204
2019-11-29,2019,elastic_net,-0.0009517224268855344,0.042318816953604,3204
2019-11-29,2019,lgbm,0.010566510682537144,-0.00678057722186725,3204
2019-11-29,2019,ranker,0.04632003545284188,0.04641830018323113,3204
2019-12-31,2019,ridge,-0.02714731777839181,-0.057220035399191245,3358
2019-12-31,2019,elastic_net,-0.007106907224733708,-0.0642435503766177,3358
2019-12-31,2019,lgbm,0.019847260035407623,0.0019822831946716643,3358
2019-12-31,2019,ranker,-0.02390502653861803,-0.05639906668556117,3358
2020-01-31,2020,ridge,-0.05661229174348176,-0.012778075270127413,3342
2020-01-31,2020,elastic_net,-0.04863906945213994,-0.032154317407013994,3342
2020-01-31,2020,lgbm,0.014732258438049201,0.006351141439271315,3342
2020-01-31,2020,ranker,0.03428023774376504,0.001129882314391965,3342
2020-03-31,2020,ridge,0.004408811634533586,0.012178068165740378,3301
2020-03-31,2020,elastic_net,0.0015381910377979338,0.012505400817839404,3301
2020-03-31,2020,lgbm,-0.013680186416010846,0.011374362945848624,3301
2020-03-31,2020,ranker,0.08380662383539776,0.07753748646443265,3301
2020-04-30,2020,ridge,0.0037079518236529997,0.052560689480018095,3240
2020-04-30,2020,elastic_net,-0.01037143850652531,-0.0330268445364489,3240
2020-04-30,2020,lgbm,0.029672375818918174,0.018069683398329494,3240
2020-04-30,2020,ranker,0.07191185132003144,0.07430656475430075,3240
2020-05-29,2020,ridge,-0.03389396437775829,0.0013271301030412857,3230
2020-05-29,2020,elastic_net,-0.026375821895836055,-0.042554838502801125,3230
2020-05-29,2020,lgbm,0.07149562563412759,0.008814955748747405,3230
2020-05-29,2020,ranker,0.03348866580966674,-0.002181204640987055,3230
2020-06-30,2020,ridge,0.020375670505558392,0.02148201804195681,3386
2020-06-30,2020,elastic_net,0.012608061277882422,0.005046383195097014,3386
2020-06-30,2020,lgbm,0.013954612731598672,0.029699030422840382,3386
2020-06-30,2020,ranker,-0.06049893863122696,-0.10147928943356205,3386
2020-07-31,2020,ridge,0.026035159646616655,0.041955855603610655,3301
2020-07-31,2020,elastic_net,0.011125883624144189,-0.0013288278623492201,3301
2020-07-31,2020,lgbm,-0.030783454967973405,-0.060552092240795295,3301
2020-07-31,2020,ranker,-0.003951937373092876,-0.012970123698054403,3301
2020-08-31,2020,ridge,-0.0373899427988626,-0.023926627099470115,3346
2020-08-31,2020,elastic_net,-0.02695464800167626,-0.011619611743468075,3346
2020-08-31,2020,lgbm,-0.006403407403840175,0.05894156319226749,3346
2020-08-31,2020,ranker,-0.00045474160734050334,-0.017529612363611228,3346
2020-09-30,2020,ridge,0.0566428537293934,0.04245484905502856,3310
2020-09-30,2020,elastic_net,0.022712358543353444,0.02629187582357925,3310
2020-09-30,2020,lgbm,0.027700910045929356,0.028183925669110002,3310
2020-09-30,2020,ranker,-0.06411117888840737,-0.05347430667278778,3310
2020-10-30,2020,ridge,-0.03580721972045926,0.03988215686937603,3212
2020-10-30,2020,elastic_net,-0.03679924783826197,-0.014243993537492906,3212
2020-10-30,2020,lgbm,-0.09874212511811459,-0.1274074981685673,3212
2020-10-30,2020,ranker,0.07749670706307243,0.037074219271449854,3212
2020-11-30,2020,ridge,-0.02101078960065015,0.04044096986400826,3439
2020-11-30,2020,elastic_net,-0.07702981535777054,-0.06761863046508235,3439
2020-11-30,2020,lgbm,0.04532817798050748,0.05648102095650572,3439
2020-11-30,2020,ranker,0.05048493645298893,0.04202099097474246,3439
2020-12-31,2020,ridge,0.004203507254953955,-0.01871774269492443,3594
2020-12-31,2020,elastic_net,0.017649049034750845,0.03002723004163279,3594
2020-12-31,2020,lgbm,0.014605459930994949,0.035487823970029045,3594
2020-12-31,2020,ranker,0.07000256451932604,0.11199210258609572,3594
2021-01-29,2021,ridge,0.046689281576894545,0.014281800915915249,3722
2021-01-29,2021,elastic_net,0.05461799909491939,0.038502545155653406,3722
2021-01-29,2021,lgbm,0.020742265271510643,-0.004862618872865313,3722
2021-01-29,2021,ranker,-0.013349884218960842,-0.022358874766766432,3722
2021-02-26,2021,ridge,0.02820553659025162,0.0403525166791224,3841
2021-02-26,2021,elastic_net,0.019778617903750937,7.775091226372162e-05,3841
2021-02-26,2021,lgbm,-0.05557509692152178,-0.05254596295171703,3841
2021-02-26,2021,ranker,-0.15304403456083715,-0.15127275422132178,3841
2021-03-31,2021,ridge,0.08739068374440173,-0.04923234375994769,3877
2021-03-31,2021,elastic_net,0.09530369133609407,-0.06668261546647809,3877
2021-03-31,2021,lgbm,0.008638717216645959,-0.01944933322234229,3877
2021-03-31,2021,ranker,-0.04110911343228318,-0.07473075167495212,3877
2021-04-30,2021,ridge,0.03436499194841388,0.01781909790108249,3753
2021-04-30,2021,elastic_net,0.03327128266855619,0.016706381093447204,3753
2021-04-30,2021,lgbm,-0.004251614558897312,-0.03964958189051005,3753
2021-04-30,2021,ranker,-0.028571358804451934,-0.04862990567342317,3753
2021-05-28,2021,ridge,-0.01921911412735251,0.03305810759123555,3792
2021-05-28,2021,elastic_net,-0.020249783895256175,0.04980211365830328,3792
2021-05-28,2021,lgbm,0.014596104733577583,0.015978848110459517,3792
2021-05-28,2021,ranker,0.03813538067184693,0.02666473158626601,3792
2021-06-30,2021,ridge,0.02391723125966055,0.014299965476293327,4010
2021-06-30,2021,elastic_net,0.015347828074483545,-0.045794979698283944,4010
2021-06-30,2021,lgbm,-0.03154182446367682,-0.0073987063649982475,4010
2021-06-30,2021,ranker,-0.07106741798883993,-0.09863936796143409,4010
2021-07-30,2021,ridge,-0.009731391814359804,0.00685053208428044,3751
2021-07-30,2021,elastic_net,-0.006249915279206834,0.00756479450478759,3751
2021-07-30,2021,lgbm,0.023711370196911552,-0.002888851464464012,3751
2021-07-30,2021,ranker,0.009596942997935337,-0.020041467265630424,3751
2021-08-31,2021,ridge,0.05241818954818235,-0.008137460936575839,3769
2021-08-31,2021,elastic_net,0.05456830895108678,-0.009064854267214033,3769
2021-08-31,2021,lgbm,-0.023162991852496623,-0.028058008424342452,3769
2021-08-31,2021,ranker,0.01577250993602333,-0.02651608562463397,3769
2021-09-30,2021,ridge,0.022664398026997695,-0.009255851032230197,3808
2021-09-30,2021,elastic_net,0.015295697250424248,-0.031467130344524925,3808
2021-09-30,2021,lgbm,0.03334740112946474,-0.03681663375680096,3808
2021-09-30,2021,ranker,-0.05597623166429504,-0.07169376034306009,3808
2021-10-29,2021,ridge,0.017799064266308104,-0.016062922674637332,3760
2021-10-29,2021,elastic_net,0.00858504526057228,-0.025122746661218658,3760
2021-10-29,2021,lgbm,-0.03359725366940345,-0.018943611762257038,3760
2021-10-29,2021,ranker,-0.05969475226030849,-0.07003753846675768,3760
2021-11-30,2021,ridge,0.010980240083001601,-0.027438741616425077,3817
2021-11-30,2021,elastic_net,0.008175617544585522,-0.06158448613213524,3817
2021-11-30,2021,lgbm,0.023439417218743118,0.03846677967456261,3817
2021-11-30,2021,ranker,-0.030902107110327294,-0.029129947253094444,3817
2021-12-31,2021,ridge,0.043390626498576564,-0.001903624410629967,3844
2021-12-31,2021,elastic_net,0.05902547271528709,-0.016565874538171575,3844
2021-12-31,2021,lgbm,-0.04897669832147384,-0.048719383452357976,3844
2021-12-31,2021,ranker,-0.1137445106459515,-0.14785873364137356,3844
2022-01-31,2022,ridge,0.00763590857823017,-0.05115032112377055,3814
2022-01-31,2022,elastic_net,-0.0024204966809598695,-0.018089511020500316,3814
2022-01-31,2022,lgbm,0.004561921322797649,0.014684866908713089,3814
2022-01-31,2022,ranker,-0.03367300183274445,-0.0021664792932396646,3814
2022-02-28,2022,ridge,0.0421771552510055,0.060745380633307595,3700
2022-02-28,2022,elastic_net,0.03583573424025961,0.03914719452369078,3700
2022-02-28,2022,lgbm,0.020593738253433164,0.02130159033870473,3700
2022-02-28,2022,ranker,-0.004811280234560738,-0.004181324350200296,3700
2022-03-31,2022,ridge,0.00025147837602089576,-0.04558562857517241,3827
2022-03-31,2022,elastic_net,0.0043056512722579685,-0.0648944120070163,3827
2022-03-31,2022,lgbm,0.03330906801755603,0.013178766022683475,3827
2022-03-31,2022,ranker,-0.14840332366627482,-0.1386485909727297,3827
2022-04-29,2022,ridge,0.03402098434481303,0.0133672681486743,3685
2022-04-29,2022,elastic_net,0.034731781318715974,-0.018130372883070837,3685
2022-04-29,2022,lgbm,-0.01883848229227462,-0.01639970759054761,3685
2022-04-29,2022,ranker,-0.10393144918186899,-0.10465337268413571,3685
2022-05-31,2022,ridge,-0.024180351367627185,-0.025850168261309134,3719
2022-05-31,2022,elastic_net,-0.023500885500721096,0.005974096913643847,3719
2022-05-31,2022,lgbm,0.10364202049677801,0.0702771833823472,3719
2022-05-31,2022,ranker,0.06160939057984337,0.02812791038818675,3719
2022-06-30,2022,ridge,0.0077722625254020685,0.05307349605403377,3644
2022-06-30,2022,elastic_net,-0.00666943950760472,0.04045496965875065,3644
2022-06-30,2022,lgbm,0.0031011192805208794,0.008022443370255553,3644
2022-06-30,2022,ranker,0.0237357918707024,-0.012444623871048261,3644
2022-07-29,2022,ridge,-0.009166387655562514,-0.0039679322339700295,3499
2022-07-29,2022,elastic_net,-0.01655663749221755,-0.004488549643322163,3499
2022-07-29,2022,lgbm,-0.013580183534313542,-0.01995692556249371,3499
2022-07-29,2022,ranker,0.023599629559012777,-8.354005873129449e-05,3499
2022-08-31,2022,ridge,-0.07468104865760408,-0.056718767955676354,3532
2022-08-31,2022,elastic_net,-0.08548428045676601,-0.047420501046350455,3532
2022-08-31,2022,lgbm,-0.025804209298559484,-0.009467857787185617,3532
2022-08-31,2022,ranker,0.010337128012132506,-0.02049042848311843,3532
2022-09-30,2022,ridge,0.034218169633944064,0.0011881033886042864,3514
2022-09-30,2022,elastic_net,0.0430850305848645,-0.001480751287306472,3514
2022-09-30,2022,lgbm,0.0271771690902375,0.028701004962362654,3514
2022-09-30,2022,ranker,-0.07046316411129008,-0.0710184824896365,3514
2022-10-31,2022,ridge,0.025188859584905365,0.012704988915614597,3499
2022-10-31,2022,elastic_net,0.0346958058809964,-0.10474135922763679,3499
2022-10-31,2022,lgbm,0.014187968464668193,-0.011306761190009637,3499
2022-10-31,2022,ranker,-0.07325745401565957,-0.10357827931194075,3499
2022-11-30,2022,ridge,-0.02564630503798851,-0.016333445357430112,3524
2022-11-30,2022,elastic_net,-0.05270228947362803,-0.06957879195192297,3524
2022-11-30,2022,lgbm,0.025261382955127205,-0.0003237313971526314,3524
2022-11-30,2022,ranker,0.06776127604354715,-0.038746283927917936,3524
2022-12-30,2022,ridge,0.04072657422288034,0.08862782433134052,3575
2022-12-30,2022,elastic_net,0.04525537069871656,0.11146185891234568,3575
2022-12-30,2022,lgbm,0.09321494533090897,0.012181338855857178,3575
2022-12-30,2022,ranker,0.10424669672987114,0.15409844177823928,3575
2023-01-31,2023,ridge,-0.004759893053917141,0.010907914154484003,3660
2023-01-31,2023,elastic_net,-0.014948838253105674,0.01905997571566184,3660
2023-01-31,2023,lgbm,-0.026596240982884548,-0.0670406985419182,3660
2023-01-31,2023,ranker,-0.049843916942059016,-0.03884395292675,3660
2023-02-28,2023,ridge,-0.03562269979384325,-0.05549796726527809,3540
2023-02-28,2023,elastic_net,-0.029891286457464725,-0.044151455084777955,3540
2023-02-28,2023,lgbm,-0.03803042888230284,-0.10665103729072141,3540
2023-02-28,2023,ranker,-0.027252390237785244,-0.047427850209829786,3540
2023-03-31,2023,ridge,0.00936805520616676,-0.00663176270556908,3484
2023-03-31,2023,elastic_net,0.012263682201350516,-0.00022668623398960558,3484
2023-03-31,2023,lgbm,-0.01223024063227851,-0.0893374299513632,3484
2023-03-31,2023,ranker,0.010006373440550683,-0.020787670404248972,3484
2023-04-28,2023,ridge,0.007111102175177959,0.027065183586286994,3400
2023-04-28,2023,elastic_net,0.015482988608833972,0.04008251052543443,3400
2023-04-28,2023,lgbm,0.009417983129015671,0.03454025790951617,3400
2023-04-28,2023,ranker,0.009049197197965323,0.004816085745617621,3400
2023-05-31,2023,ridge,0.010058991295795551,-0.008458244148218183,3372
2023-05-31,2023,elastic_net,0.00015322111536804673,-0.02024489085726427,3372
2023-05-31,2023,lgbm,-0.001365695622399557,-0.0007297348865243858,3372
2023-05-31,2023,ranker,-0.023279184078038875,-0.013518477214408225,3372
2023-06-30,2023,ridge,0.04058106611108252,0.011923262159561136,3537
2023-06-30,2023,elastic_net,0.04013384346932389,0.004882242167406968,3537
2023-06-30,2023,lgbm,0.04366846765508877,0.053353385203747036,3537
2023-06-30,2023,ranker,-0.001388454314098804,0.006736507912457056,3537
2023-07-31,2023,ridge,0.0006659804917151334,-0.007975096687737092,3428
2023-07-31,2023,elastic_net,0.003865457460960253,-0.005564448236375326,3428
2023-07-31,2023,lgbm,0.033626764161266275,-0.06540466309145959,3428
2023-07-31,2023,ranker,-0.02372995298710443,-0.035769522887161016,3428
2023-08-31,2023,ridge,0.030984795910234585,-0.0019932091945749552,3376
2023-08-31,2023,elastic_net,0.031083461330626214,-0.008823616841842501,3376
2023-08-31,2023,lgbm,0.023631883546243387,-0.05347861936589892,3376
2023-08-31,2023,ranker,-0.018647232327469225,-0.040144308235256665,3376
2023-09-29,2023,ridge,0.009348706569222463,-0.02952917275938239,3297
2023-09-29,2023,elastic_net,0.0062176472086490474,-0.03660493593180419,3297
2023-09-29,2023,lgbm,0.01186123104135217,-0.08248694226277221,3297
2023-09-29,2023,ranker,-0.010583265065362465,-0.048182411640692174,3297
2023-10-31,2023,ridge,0.05191878189770877,0.03496955761092078,3206
2023-10-31,2023,elastic_net,0.047443041372560786,0.025194873232544813,3206
2023-10-31,2023,lgbm,0.058170431097680296,0.07358505300251257,3206
2023-10-31,2023,ranker,0.060211652241734914,0.05842243041929659,3206
