permno,score_ensemble,ensemble_pct_rank,y_xs,ticker
22603,0.00031191515907673113,0.00031191515907673113,0.29112650334556056,SPRC
21512,0.0010605115408608857,0.0006238303181534623,-0.3823692496328812,ACXP
22790,0.002776044915782907,0.0009357454772301934,-0.07292839829578668,N/A
22777,0.002838427947598253,0.0012476606363069245,-0.0739070981809955,N/A
23232,0.0032595134123518396,0.0015595757953836558,-0.0644997958180642,CNTM
22544,0.0033530879600748593,0.0018714909544603868,-0.07618421224927507,N/A
22305,0.004148471615720524,0.002183406113537118,-0.06980265543287678,HCVI
22794,0.004398003742981909,0.002495321272613849,-0.07093504281405894,N/A
21314,0.004834684965689332,0.0028072364316905803,-0.07102608579169978,N/A
23118,0.004850280723643169,0.0031191515907673115,-0.07164932852834482,PLAO
23197,0.0055988771054273235,0.0034310667498440423,-0.0720133838278838,RENE
22898,0.0057392389270118525,0.0037429819089207735,-0.07377576530995378,N/A
22591,0.0067217716781035565,0.004054897067997504,-0.0704499961487548,N/A
22535,0.007189644416718653,0.004366812227074236,-0.06715265236500167,N/A
20914,0.009263880224578913,0.004678727386150967,-0.07664932852834472,N/A
22191,0.010449157829070493,0.004990642545227698,0.010298681213465999,BTF
22874,0.011291328758577666,0.005302557704304429,-0.07664932852834472,N/A
22076,0.011572052401746724,0.0056144728633811605,-0.06335398189966468,N/A
19819,0.013443543356207111,0.005926388022457892,-0.13586720562331667,N/A
22508,0.013661883967560825,0.006238303181534623,-0.0738508210656581,N/A
91832,0.014909544603867746,0.006550218340611353,0.4128369716045368,MDGL
75860,0.015845290081097942,0.006862133499688085,0.8878754372012405,N/A
17963,0.018777292576419212,0.007174048658764816,-0.17875143063044674,DWSH
19942,0.018808484092326886,0.007485963817841547,-0.04345967335593093,N/A
14879,0.019681846537741732,0.007797878976918278,-0.47968474168180164,TTOO
18099,0.019681846537741736,0.008109794135995009,-0.07233898370075842,N/A
13657,0.02074235807860262,0.00842170929507174,-0.06945812717470679,VTIP
91703,0.021896444167186523,0.008733624454148471,-0.05815314839163399,IGSB
19278,0.022364316905801623,0.009045539613225203,-0.0618060054977716,IBTH
93147,0.022535870243293822,0.009357454772301934,-0.06831020413640587,VGSH
23250,0.02264504054897068,0.009669369931378666,-0.2297630701649892,TSLQ
19277,0.02317529631940112,0.009981285090455396,-0.06595652389479612,IBTG
89470,0.02319089207735496,0.010293200249532126,-0.06837568071406963,SHY
21619,0.02326887086712414,0.010605115408608859,-0.07276960010933409,OKLO
16311,0.02448533998752339,0.010917030567685589,-0.07676966547178632,VRIG
13732,0.02457891453524641,0.011228945726762321,-0.03015976496098216,GHY
82860,0.024734872114784777,0.011540860885839051,-0.09045036360597569,SPH
17772,0.024906425452276983,0.011852776044915784,-0.07279018718729313,N/A
16832,0.024922021210230814,0.012164691203992514,-0.05769397890745154,SUSB
90057,0.025015595757953833,0.012476606363069246,-0.05381279006680639,WIW
17766,0.02512476606363069,0.012788521522145976,-0.06416924355755316,BSCQ
14869,0.025389893948845912,0.013100436681222707,-0.07496752563564368,FTSM
22359,0.025764192139737994,0.013412351840299439,-0.08603899988984698,N/A
85425,0.026356830941983777,0.01372426699937617,-0.0665056260769501,N/A
23339,0.0264504054897068,0.014036182158452901,-0.06901285080401931,UTWO
13612,0.02690268247036806,0.014348097317529632,-0.06142583468252316,ISTB
23336,0.02698066126013724,0.014660012476606364,-0.22937348125249735,TSLS
18819,0.02766687461010605,0.014971927635683094,-0.06617059419507987,USTB
18946,0.027666874610106054,0.015283842794759825,-0.055510776833074704,BSMP
17773,0.02835308796007486,0.015595757953836557,-0.07664932852834472,N/A
18101,0.028587024329382406,0.015907673112913287,-0.04527142948332408,BNDW
17765,0.028789769182782282,0.016219588271990017,-0.057977682756138904,BSCR
14211,0.029335620711166563,0.01653150343106675,-0.06079617875779819,SLQD
19279,0.0293512164691204,0.01684341859014348,-0.057297498264880176,IBTI
18931,0.030271366188396754,0.017155333749220212,-0.04370747805570052,BSCT
19557,0.03028696194635059,0.017467248908296942,-0.04832223071968644,IBTK
20855,0.032563942607610724,0.017779164067373673,-0.03598910308551062,N/A
19276,0.03261072988147224,0.018091079226450407,-0.0692740573786701,IBTF
16795,0.0327199001871491,0.018402994385527137,0.49504878467920244,N/A
91705,0.032907049282595136,0.018714909544603867,-0.05651986147150323,IEI
17768,0.033078602620087334,0.019026824703680598,-0.06945686821088448,BSCP
18027,0.03317217716781035,0.01933873986275733,-0.0507827998164978,BSCS
13948,0.03337492202121023,0.019650655021834062,-0.0480241718212826,BNDX
19280,0.033655645664379286,0.019962570180910792,-0.05194316398049148,IBTJ
93144,0.034123518402994386,0.02043044291952589,-0.05744420716264731,VCSH
93145,0.034123518402994386,0.02043044291952589,-0.05340989190862633,VGIT
23241,0.0364316905801622,0.020898315658140987,-0.1943689731482856,NVDS
19488,0.03655645664379289,0.021210230817217717,0.4487412964716553,RNA
18945,0.03702432938240799,0.021522145976294448,-0.0685291498844145,N/A
19274,0.03850592638802246,0.021834061135371178,-0.07219949034064244,N/A
19275,0.039238927011852776,0.022145976294447912,-0.07118254972262572,N/A
15073,0.03936369307548347,0.022457891453524642,-0.06042388019358813,LMBS
18816,0.03958203368683717,0.022769806612601372,-0.041342355913443596,UITB
23398,0.03989394884591391,0.023081721771678103,-0.13544252089554432,AMZD
13273,0.040081097941359944,0.023393636930754833,-0.036862817126112724,GNMA
91952,0.04029943855271366,0.023705552089831567,-0.04128188397116239,BND
23338,0.04067373674360574,0.024017467248908297,-0.04008971923158211,UTEN
14724,0.040704928259513405,0.024329382407985028,-0.04169562482464095,IUSB
23228,0.04070492825951341,0.024641297567061758,-0.043551452258723256,IBTM
19815,0.04098565190268247,0.024953212726138492,-0.03589900511307964,BSCU
86349,0.04157829070492826,0.025265127885215222,-0.07181416369317994,IX
13925,0.041734248284466625,0.025577043044291953,-0.07247533907316028,FTSL
91702,0.04288833437305053,0.025888958203368683,-0.029169111951918403,IGIB
92729,0.043075483468496566,0.026200873362445413,-0.07935255308907074,JBT
18401,0.0433873986275733,0.026512788521522147,1.0223605724617544,N/A
18480,0.04388646288209607,0.026824703680598878,-0.00569442136654108,TW
19639,0.04394884591391141,0.027136618839675608,0.23874015848875474,N/A
17774,0.0440268247036806,0.02744853399875234,-0.07617851873550086,N/A
93142,0.04447910168434186,0.02776044915782907,-0.029201640936714623,VCIT
18133,0.0445414847161572,0.028072364316905803,0.03227924290022677,YMAB
17124,0.04457267623206487,0.028384279475982533,-0.02887170634657754,VTC
12457,0.04475982532751092,0.028696194635059263,-0.05795227460950092,KBWP
20632,0.046163443543356206,0.029008109794135994,-0.2290302809092971,TERN
16263,0.04635059263880224,0.029320024953212728,0.1285128157469697,PTGX
93148,0.04655333749220212,0.029631940112289458,-0.037688289567305855,VMBS
17031,0.046912039925140356,0.02994385527136619,-0.0951942643343362,XFLT
23308,0.04778540237055521,0.03025577043044292,-0.15652438430701487,AAPD
89603,0.048066126013724265,0.03056768558951965,0.016038622038081485,NEA
91873,0.04833125389893948,0.030879600748596383,-0.037888752264910064,MBB
91701,0.04856519026824703,0.031191515907673113,-0.029583055839446537,USIG
77548,0.048814722395508416,0.03150343106674985,0.033218423251919704,MYI
19759,0.049469744229569554,0.031815346225826574,-0.0528049349356674,TDSC
18767,0.04950093574547723,0.03212726138490331,-0.13321629861937212,FLNG
13685,0.05037429819089208,0.032439176543980035,-0.04382400613678539,N/A
16094,0.05040548970679974,0.03275109170305677,-0.024735647746585654,FALN
75354,0.05090455396132252,0.0330630068621335,0.008150671471655269,MVF
16292,0.05268247036805988,0.03337492202121023,-0.02930419578498178,FTXG
20157,0.05286961946350592,0.03368683718028696,-0.012527191123764547,N/A
90607,0.05302557704304428,0.03399875233936369,-0.02671754135235571,BME
75885,0.05327510917030567,0.034310667498440424,0.028131953262092724,PDT
13348,0.054023705552089824,0.03462258265751716,-0.02810022138548751,ANGL
13393,0.05492825951341235,0.034934497816593885,-0.020896066369388455,PDI
12039,0.055427323767935126,0.03524641297567062,-0.04093504281405891,BBN
54199,0.05564566437928883,0.035558328134747345,-0.029759376375234625,SJW
15076,0.055676855895196505,0.03587024329382408,-0.10113912444671203,PDBC
75556,0.055801621958827194,0.03618215845290081,-0.012735653492029986,NBN
19628,0.05676855895196506,0.03649407361197754,0.12317672061277296,IRON
17771,0.05687772925764192,0.036805988771054274,-0.07309060966713488,N/A
17845,0.056893325015595755,0.03711790393013101,-0.06276665947326188,BSJP
17112,0.05781347473487211,0.037429819089207735,-0.026864309293223476,FMHI
14652,0.0587492202121023,0.03774173424828447,-0.032370412741049126,FMB
13534,0.05898315658140986,0.038053649407361195,0.04975379494652099,HTBI
13964,0.059419837804117276,0.03836556456643793,-0.004522758030438778,NWS
34673,0.06013724266999376,0.03867747972551466,-0.11934905304625099,NPKI
13764,0.060199625701809104,0.03898939488459139,-0.08896649557992287,N/A
18421,0.06048034934497816,0.039301310043668124,-0.08525147906597907,FOX
13300,0.060667498440424204,0.03976918278228322,-0.03808534474143088,BOND
23521,0.060667498440424204,0.03976918278228322,-0.07031066266658814,OBIL
13019,0.06085464753587024,0.04023705552089832,0.12861906113368304,GNE
42550,0.060948222083593254,0.040548970679975045,0.006687406547482455,NEU
92029,0.06172800998128508,0.04086088583905178,-0.0015654359108951965,TRS
89778,0.06188396756082345,0.041172800998128506,-0.01805557852834494,CHT
85945,0.062008733624454145,0.04148471615720524,0.00276936746537082,HEIA
19208,0.06207111665626949,0.041796631316281974,-0.07248555337220308,DLY
23324,0.06225826575171553,0.0421085464753587,-0.3205572707666119,SARK
23304,0.06241422333125389,0.042420461634435434,0.01071416601143671,TFPM
89349,0.06266375545851528,0.04273237679351216,-0.17900802901788626,TEN
13765,0.06291328758577666,0.043044291952588895,-0.02999194691274587,BIT
89970,0.06294447910168434,0.04335620711166563,-0.0031199167636388747,EMD
92769,0.06344354335620711,0.043668122270742356,0.02479994683397413,N/A
13539,0.06366188396756081,0.04398003742981909,-0.024898948010841027,BTT
21917,0.0648003742981909,0.044291952588895823,-0.028903970438159066,BSCV
14855,0.06494073611977541,0.04460386774797255,0.00735487168166582,RYI
89635,0.06525265127885214,0.044915782907049284,-0.018367119939387555,PTY
15303,0.06528384279475982,0.04522769806612601,0.20025767251658744,VKTX
76856,0.06553337492202121,0.045539613225202745,-0.03381878849110076,FCFS
89745,0.06567373674360574,0.04585152838427948,-0.06271204629837945,HYT
39693,0.06593886462882095,0.046163443543356206,0.18918560429315234,B
18026,0.06721771678103555,0.04647535870243294,-0.06403312666911498,BSJQ
15373,0.06731129132875859,0.046787273861509666,0.04636297270177825,GLPG
14257,0.067747972551466,0.0470991890205864,0.4753355485983095,MGNX
13795,0.0682626325639426,0.047411104179663134,-0.027868840723466626,HYLS
88595,0.06840299438552713,0.04787897691827823,-0.06555717835769626,PSO
89257,0.06840299438552713,0.04787897691827823,-0.03498266186167798,PCN
13835,0.06848097317529632,0.04834684965689332,-0.01912720463453943,DSL
20406,0.06933873986275732,0.048658764815970056,0.06815476005768595,GRND
23420,0.06993137866500312,0.04897067997504679,0.06620781432879808,MSFU
13233,0.06999376169681847,0.049282595134123516,0.04131800359506732,RING
89469,0.07030567685589519,0.04959451029320025,-0.043009846399319596,IEF
89649,0.07075795383655646,0.049906425452276984,-0.0004440408145032215,FFC
90047,0.07111665626949469,0.05021834061135371,-0.012613887529552725,UTG
86942,0.07155333749220212,0.050530255770430445,-0.07000481025591943,GUT
23209,0.07223955084217093,0.05084217092950717,-0.025052276931293083,HLN
19453,0.07245789145352463,0.051154086088583905,0.05164470753268158,SII
22420,0.07252027448533999,0.05146600124766064,-0.07897599209279316,N/A
20583,0.07370555208983157,0.051777916406737366,-0.15258995676445097,EXE
88988,0.07392389270118527,0.0520898315658141,-0.050425552304568466,IDT
13701,0.07395508421709295,0.05240174672489083,-0.10152873954636965,YY
93325,0.07476606363069245,0.05271366188396756,-0.009186222414500733,NBB
47511,0.07482844666250779,0.053025577043044295,-0.07759050499893294,EBF
53225,0.07495321272613849,0.05333749220212102,0.00561415191148007,GHC
19592,0.07520274485339987,0.053649407361197755,1.0871301990307103,ML
90164,0.07520274485339988,0.05396132252027448,-0.0658603871932133,N/A
17133,0.07548346849656892,0.054273237679351216,0.01968851376792702,ASTH
16833,0.07588895820336869,0.05458515283842795,-0.02720903002088204,SUSC
23314,0.07623206487835309,0.05489706799750468,0.9176688532898369,CONL
13131,0.0763256394260761,0.05520898315658141,-0.018177351254272445,RTH
14348,0.07652838427947597,0.05552089831565814,-0.050799639682006736,HYZD
13971,0.07668434185901435,0.05583281347473487,-0.02828152815234053,VWOB
92491,0.07751091703056767,0.056144728633811605,-0.02804754564887224,EMB
90066,0.07757330006238303,0.05645664379288833,0.008876987261128955,UTF
13897,0.07758889582033687,0.056768558951965066,0.021893350167005776,FPF
23401,0.07785402370555208,0.0570804741110418,-0.02593617480409738,BSCW
89489,0.07875857766687461,0.05739238927011853,0.008077538807218287,EIM
88392,0.07994385527136619,0.05770430442919526,0.14471938655545413,ERJ
14684,0.0805053025577043,0.05801621958827199,-0.0820335673927598,MTUS
92876,0.08087960074859638,0.05832813474734872,-0.018764557092044942,IGOV
17286,0.08103555832813475,0.058640049906425455,0.3358085839295677,CEPU
89139,0.08169058016219588,0.05895196506550218,-0.2020342823338881,FRO
18472,0.08172177167810356,0.059263880224578916,-0.05192308338528573,EWJV
12885,0.08312538989394884,0.05957579538365564,-0.027724597345549107,FDUS
84566,0.08374922021210231,0.05988771054273238,0.2395066603295939,GOGL
19507,0.08470056144728633,0.06019962570180911,0.036871079634920756,ASGI
75416,0.08484092326887085,0.06051154086088584,-0.006667744734606185,N/A
83738,0.0851528384279476,0.06082345601996257,0.011222284205146593,CASS
85918,0.08580786026200872,0.0611353711790393,0.019390275432051407,MUJ
21609,0.08590143480973175,0.06144728633811603,0.4563427078766611,VSCO
16588,0.08661883967560823,0.061759201497192766,-0.041468605636778344,FIXD
11762,0.08696194635059264,0.06207111665626949,-0.016788042860607533,ETN
12652,0.08761696818465378,0.06238303181534623,-0.041243811854816625,FJP
80050,0.08811603243917654,0.06269494697442296,0.1413210380480805,UFPT
14248,0.08819401122894571,0.0630068621334997,-0.09057337916125607,FTGC
90073,0.08820960698689956,0.06331877729257641,-0.07035209930920105,JFR
15267,0.08824079850280722,0.06363069245165315,0.006540573938666139,CCD
86870,0.08828758577666874,0.06394260761072988,0.019543056241194234,NAD
12839,0.08855271366188397,0.06425452276980662,0.01893657175746033,EMO
22388,0.08864628820960699,0.06456643792888335,-0.05736149470045149,GUG
89336,0.08875545851528384,0.06487835308796007,0.03347849841364137,NVG
77470,0.08964441671865252,0.0651902682470368,-0.014948801816531354,NXP
14794,0.0896756082345602,0.06550218340611354,-0.06311630795815337,CDC
30437,0.08992514036182159,0.06581409856519027,-0.04545155694060088,CET
13950,0.09023705552089831,0.066126013724267,-0.05152024074865458,DXJS
76708,0.09026824703680598,0.06643792888334372,-0.014766756300944817,ATGE
13501,0.09078290704928259,0.06674984404242046,0.00412897335844753,LDP
89459,0.09217092950717404,0.06706175920149719,0.0489013322646068,BLE
13570,0.09226450405489707,0.06737367436057393,-0.059920703993028734,BGB
88949,0.09242046163443543,0.06768558951965066,-0.0820604868060888,N/A
92350,0.0929195258889582,0.06799750467872738,-0.032128780583139394,GOVI
84781,0.0930131004366812,0.06830941983780411,0.025470131972618493,MHD
15584,0.09354335620711166,0.06862133499688085,0.16335067147165527,SRG
15136,0.09463505926388022,0.06893325015595758,-0.006094295602662614,QQQX
34497,0.09616344354335621,0.06924516531503432,-0.09863885732415634,NPK
90302,0.0966313162819713,0.06955708047411104,-0.06566031753933377,BGT
89602,0.09694323144104802,0.06986899563318777,0.017915888862959806,NRK
90724,0.09734872114784777,0.0701809107922645,0.03378311711055093,N/A
89050,0.0983468496568933,0.07049282595134124,0.03421039997844266,BFK
79338,0.09853399875233937,0.07080474111041797,0.13908008161877472,LNW
90202,0.09906425452276979,0.07111665626949469,-0.04141442919948557,EFT
13898,0.09967248908296943,0.07142857142857142,0.02279131783585675,DFP
87487,0.09978165938864629,0.07174048658764816,-0.016290437826876447,BGC
14346,0.09996880848409233,0.07205240174672489,-0.06443213395820901,AGZD
13555,0.10034310667498442,0.07236431690580163,-0.024602139076575158,MDIV
89783,0.10040548970679973,0.07267623206487836,0.05421980234078627,MUI
91684,0.10070180910792265,0.07298814722395508,-0.006881886667879478,AOD
89892,0.10149719276356829,0.07330006238303181,-0.029191701409700732,EFR
19163,0.1014971927635683,0.07361197754210855,0.25535067147165535,N/A
23508,0.10171553337492201,0.07392389270118528,-0.045683936907215505,FSCO
81043,0.1019650655021834,0.07423580786026202,-0.03616349856883061,PHI
72338,0.1020898315658141,0.07454772301933874,0.053034944118453664,NHC
89221,0.10274485339987521,0.07485963817841547,0.028051526172510055,BHK
22484,0.10276044915782906,0.0751715533374922,-0.019147676182013074,NPFD
14169,0.1027760449157829,0.07548346849656894,-0.0014535060740366035,PINC
21906,0.10346225826575171,0.07579538365564567,-0.07447934661152722,ACT
79461,0.10368059887710543,0.07610729881472239,-0.036266756796144994,AWF
77131,0.10377417342482843,0.07641921397379912,0.026221484868784728,VKQ
71985,0.1040548970679975,0.07673112913287586,-0.10389010181481229,SHYF
75401,0.10417966313162819,0.07704304429195259,0.047853982729933575,KTF
17213,0.10424204616344353,0.07735495945102933,0.02143679587356928,IQI
88362,0.10442919525888957,0.07766687461010605,-0.02930276646097041,NTES
14674,0.1044915782907049,0.07797878976918278,-0.008351673074725952,TBPH
77818,0.10452276980661258,0.07829070492825951,0.02041613422560573,MMU
28302,0.10511540860885837,0.07860262008733625,-0.06627017157007309,UL
18349,0.10520898315658142,0.07891453524641298,-0.030161725222559443,PDX
15903,0.1053337492202121,0.0792264504054897,-0.028745136911578095,LVHD
22140,0.10559887710542731,0.07953836556456644,0.056802628767028907,MEGI
89879,0.1058016219588272,0.07985028072364317,-0.07748127528375237,FRA
55511,0.10617592014971927,0.0801621958827199,-0.09181161234734492,TXNM
61807,0.10633187772925765,0.08047411104179664,0.13618842268440634,MOGA
19871,0.10650343106674984,0.08078602620087336,-0.0061365080155242335,PTA
15171,0.10651902682470368,0.08109794135995009,0.02952976608559954,ASND
15936,0.10655021834061135,0.08140985651902682,-0.04554066884825647,BGNE
92492,0.10664379288833437,0.08172177167810356,0.004317580647904995,IGF
17778,0.10711166562694947,0.08203368683718029,-0.034356169018732396,BRKA
77152,0.10726762320648783,0.08234560199625701,0.06041207498042733,MYD
15302,0.10745477230193387,0.08265751715533375,-0.09359848107071755,VIRT
89606,0.10787585776668746,0.08296943231441048,-0.13551312045168484,SWBI
18360,0.10848409232688708,0.08328134747348721,-0.08888923060912801,GCMG
77638,0.10901434809731751,0.08359326263256395,0.03635188653848398,VMO
10308,0.10988771054273237,0.08390517779164067,-0.014913509726981689,TMP
77316,0.11032439176543979,0.0842170929507174,0.03237763512933434,VGM
66852,0.11060511540860886,0.08452900810979413,0.10914302119843122,RELL
87394,0.11135371179039301,0.08484092326887087,-0.06572889171087204,IMMR
13887,0.11160324391765439,0.0851528384279476,0.011556816169375761,AHH
19178,0.11179039301310043,0.08546475358702432,-0.0349661209062726,REYN
89600,0.11182158452900809,0.08577666874610106,0.03007003906058814,NKX
84348,0.11200873362445415,0.08608858390517779,0.08330529427369737,VSAT
22360,0.11241422333125389,0.08640049906425452,0.048829598674720476,CBL
13618,0.11278852152214597,0.08671241422333126,-0.06555670512290934,MPLX
14804,0.11359950093574547,0.08702432938240799,-0.010249786456220988,IFV
18770,0.11406737367436057,0.08733624454148471,0.0006489829163083272,BBIO
85905,0.11456643792888332,0.08764815970056145,-0.0356082874873036,DSU
79356,0.11481597005614472,0.08796007485963818,0.06464177987603992,VCV
19721,0.11487835308796007,0.08827199001871491,0.2982474509927122,VVI
20456,0.11490954460386774,0.08858390517779165,-0.0437591955682326,TRIN
22512,0.11603243917654397,0.08889582033686837,-0.0747888634120657,N/A
17683,0.11678103555832813,0.0892077354959451,-0.06744687454061471,CLBK
23736,0.11731129132875859,0.08951965065502183,-0.02198831157919212,URNJ
12385,0.11749844042420461,0.08983156581409857,-0.07563512974538322,SMFG
89746,0.11752963194011229,0.0901434809731753,-0.029030280909297046,EVV
14469,0.11812227074235807,0.09045539613225202,0.27043211152757984,SMLR
75064,0.11837180286961946,0.09076731129132876,-0.03587431406911956,GSK
91626,0.11898003742981908,0.09107922645040549,0.03081335803881946,RNP
90390,0.11943231441048034,0.09139114160948222,0.0049833245328796405,PFN
93352,0.11986899563318776,0.09170305676855896,-0.05396891615721078,GBDC
51423,0.12027448533998752,0.09201497192763568,-0.16809282950809656,MCS
18423,0.12061759201497194,0.09232688708671241,0.08985599576981596,OSW
13076,0.1208203368683718,0.09263880224578915,-0.04139128049564156,BUI
47723,0.12092950717404864,0.09295071740486588,-0.18595821428292858,HNRG
63132,0.120991890205864,0.09326263256394261,-0.021791707087808643,DCO
77917,0.12161572052401748,0.09357454772301933,-0.005983461701710047,ASGN
14428,0.12177167810355582,0.09388646288209607,-0.0362237966134511,FTQI
93268,0.12205240174672488,0.0941983780411728,-0.29784524491142694,SQQQ
91305,0.1221459762944479,0.09451029320024953,-0.1953920526261328,OBE
81013,0.12236431690580163,0.09482220835932627,0.11326809867721788,TSEM
18575,0.12242669993761696,0.09529008109794136,-0.05667225304119894,PSN
65947,0.12242669993761696,0.09529008109794136,-0.033690180688007665,WELL
78451,0.12248908296943231,0.09575795383655646,0.03910179254788848,OPY
77920,0.12255146600124764,0.09606986899563319,-0.0334130271584816,BLX
89708,0.12264504054897067,0.09638178415470992,-0.034509944411651006,JPC
75082,0.12269182782283218,0.09669369931378664,-0.030913852632176386,NUV
12796,0.12283218964441672,0.09700561447286338,0.24893206682049263,N/A
15092,0.12411104179663131,0.09731752963194011,0.12335067147165524,LC
22182,0.1244541484716157,0.09762944479101685,0.09932832510294021,ASTL
93146,0.12467248908296942,0.09794135995009358,-0.006903629201493455,VGLT
19432,0.12531191515907675,0.0982532751091703,-0.01819258651743283,FTHY
77806,0.12549906425452276,0.09856519026824703,0.04307589227636588,MQY
12895,0.12563942607610729,0.09887710542732377,0.05652546338604281,DPG
91453,0.1262320648783531,0.0991890205864005,-0.031272130570318524,GSL
21227,0.127386150966937,0.09950093574547723,0.00897758278664007,NBXG
12109,0.1275109170305677,0.09981285090455397,0.0460743452642125,EWZS
